{
	"partitions" : [
		{
			"name" : "Top",
			"pins" : [
				{
					"name" : "data_out[453]",
					"strict" : false
				},
				{
					"name" : "data_out[454]",
					"strict" : false
				},
				{
					"name" : "data_out[455]",
					"strict" : false
				},
				{
					"name" : "data_out[456]",
					"strict" : false
				},
				{
					"name" : "data_out[457]",
					"strict" : false
				},
				{
					"name" : "data_out[458]",
					"strict" : false
				},
				{
					"name" : "data_out[459]",
					"strict" : false
				},
				{
					"name" : "data_out[460]",
					"strict" : false
				},
				{
					"name" : "data_out[461]",
					"strict" : false
				},
				{
					"name" : "data_out[462]",
					"strict" : false
				},
				{
					"name" : "data_out[463]",
					"strict" : false
				},
				{
					"name" : "data_out[464]",
					"strict" : false
				},
				{
					"name" : "data_out[465]",
					"strict" : false
				},
				{
					"name" : "data_out[466]",
					"strict" : false
				},
				{
					"name" : "data_out[467]",
					"strict" : false
				},
				{
					"name" : "data_out[468]",
					"strict" : false
				},
				{
					"name" : "data_out[469]",
					"strict" : false
				},
				{
					"name" : "data_out[470]",
					"strict" : false
				},
				{
					"name" : "data_out[471]",
					"strict" : false
				},
				{
					"name" : "data_out[472]",
					"strict" : false
				},
				{
					"name" : "data_out[473]",
					"strict" : false
				},
				{
					"name" : "data_out[474]",
					"strict" : false
				},
				{
					"name" : "data_out[475]",
					"strict" : false
				},
				{
					"name" : "data_out[476]",
					"strict" : false
				},
				{
					"name" : "data_out[477]",
					"strict" : false
				},
				{
					"name" : "data_out[478]",
					"strict" : false
				},
				{
					"name" : "data_out[479]",
					"strict" : false
				},
				{
					"name" : "data_out[480]",
					"strict" : false
				},
				{
					"name" : "data_out[481]",
					"strict" : false
				},
				{
					"name" : "data_out[482]",
					"strict" : false
				},
				{
					"name" : "data_out[483]",
					"strict" : false
				},
				{
					"name" : "data_out[484]",
					"strict" : false
				},
				{
					"name" : "data_out[485]",
					"strict" : false
				},
				{
					"name" : "data_out[486]",
					"strict" : false
				},
				{
					"name" : "data_out[487]",
					"strict" : false
				},
				{
					"name" : "data_out[488]",
					"strict" : false
				},
				{
					"name" : "data_out[489]",
					"strict" : false
				},
				{
					"name" : "data_out[490]",
					"strict" : false
				},
				{
					"name" : "data_out[491]",
					"strict" : false
				},
				{
					"name" : "data_out[492]",
					"strict" : false
				},
				{
					"name" : "data_out[493]",
					"strict" : false
				},
				{
					"name" : "data_out[494]",
					"strict" : false
				},
				{
					"name" : "data_out[495]",
					"strict" : false
				},
				{
					"name" : "data_out[496]",
					"strict" : false
				},
				{
					"name" : "data_out[497]",
					"strict" : false
				},
				{
					"name" : "data_out[498]",
					"strict" : false
				},
				{
					"name" : "data_out[499]",
					"strict" : false
				},
				{
					"name" : "data_out[500]",
					"strict" : false
				},
				{
					"name" : "data_out[501]",
					"strict" : false
				},
				{
					"name" : "data_out[502]",
					"strict" : false
				},
				{
					"name" : "data_out[503]",
					"strict" : false
				},
				{
					"name" : "data_out[504]",
					"strict" : false
				},
				{
					"name" : "data_out[505]",
					"strict" : false
				},
				{
					"name" : "data_out[506]",
					"strict" : false
				},
				{
					"name" : "data_out[507]",
					"strict" : false
				},
				{
					"name" : "data_out[508]",
					"strict" : false
				},
				{
					"name" : "data_out[509]",
					"strict" : false
				},
				{
					"name" : "data_out[510]",
					"strict" : false
				},
				{
					"name" : "data_out[511]",
					"strict" : false
				},
				{
					"name" : "data_out[0]",
					"strict" : false
				},
				{
					"name" : "data_out[1]",
					"strict" : false
				},
				{
					"name" : "data_out[2]",
					"strict" : false
				},
				{
					"name" : "data_out[3]",
					"strict" : false
				},
				{
					"name" : "data_out[4]",
					"strict" : false
				},
				{
					"name" : "data_out[5]",
					"strict" : false
				},
				{
					"name" : "data_out[6]",
					"strict" : false
				},
				{
					"name" : "data_out[7]",
					"strict" : false
				},
				{
					"name" : "data_out[8]",
					"strict" : false
				},
				{
					"name" : "data_out[9]",
					"strict" : false
				},
				{
					"name" : "data_out[10]",
					"strict" : false
				},
				{
					"name" : "data_out[11]",
					"strict" : false
				},
				{
					"name" : "data_out[12]",
					"strict" : false
				},
				{
					"name" : "data_out[13]",
					"strict" : false
				},
				{
					"name" : "data_out[14]",
					"strict" : false
				},
				{
					"name" : "data_out[15]",
					"strict" : false
				},
				{
					"name" : "data_out[16]",
					"strict" : false
				},
				{
					"name" : "data_out[17]",
					"strict" : false
				},
				{
					"name" : "data_out[18]",
					"strict" : false
				},
				{
					"name" : "data_out[19]",
					"strict" : false
				},
				{
					"name" : "data_out[20]",
					"strict" : false
				},
				{
					"name" : "data_out[21]",
					"strict" : false
				},
				{
					"name" : "data_out[22]",
					"strict" : false
				},
				{
					"name" : "data_out[23]",
					"strict" : false
				},
				{
					"name" : "data_out[24]",
					"strict" : false
				},
				{
					"name" : "data_out[25]",
					"strict" : false
				},
				{
					"name" : "data_out[26]",
					"strict" : false
				},
				{
					"name" : "data_out[27]",
					"strict" : false
				},
				{
					"name" : "data_out[28]",
					"strict" : false
				},
				{
					"name" : "data_out[29]",
					"strict" : false
				},
				{
					"name" : "data_out[30]",
					"strict" : false
				},
				{
					"name" : "data_out[31]",
					"strict" : false
				},
				{
					"name" : "data_out[32]",
					"strict" : false
				},
				{
					"name" : "data_out[33]",
					"strict" : false
				},
				{
					"name" : "data_out[34]",
					"strict" : false
				},
				{
					"name" : "data_out[35]",
					"strict" : false
				},
				{
					"name" : "data_out[36]",
					"strict" : false
				},
				{
					"name" : "data_out[37]",
					"strict" : false
				},
				{
					"name" : "data_out[38]",
					"strict" : false
				},
				{
					"name" : "data_out[39]",
					"strict" : false
				},
				{
					"name" : "data_out[40]",
					"strict" : false
				},
				{
					"name" : "data_out[41]",
					"strict" : false
				},
				{
					"name" : "data_out[42]",
					"strict" : false
				},
				{
					"name" : "data_out[43]",
					"strict" : false
				},
				{
					"name" : "data_out[44]",
					"strict" : false
				},
				{
					"name" : "data_out[45]",
					"strict" : false
				},
				{
					"name" : "data_out[46]",
					"strict" : false
				},
				{
					"name" : "data_out[47]",
					"strict" : false
				},
				{
					"name" : "data_out[48]",
					"strict" : false
				},
				{
					"name" : "data_out[49]",
					"strict" : false
				},
				{
					"name" : "data_out[50]",
					"strict" : false
				},
				{
					"name" : "data_out[51]",
					"strict" : false
				},
				{
					"name" : "data_out[52]",
					"strict" : false
				},
				{
					"name" : "data_out[53]",
					"strict" : false
				},
				{
					"name" : "data_out[54]",
					"strict" : false
				},
				{
					"name" : "data_out[55]",
					"strict" : false
				},
				{
					"name" : "data_out[56]",
					"strict" : false
				},
				{
					"name" : "data_out[57]",
					"strict" : false
				},
				{
					"name" : "data_out[58]",
					"strict" : false
				},
				{
					"name" : "data_out[59]",
					"strict" : false
				},
				{
					"name" : "data_out[60]",
					"strict" : false
				},
				{
					"name" : "data_out[61]",
					"strict" : false
				},
				{
					"name" : "data_out[62]",
					"strict" : false
				},
				{
					"name" : "data_out[63]",
					"strict" : false
				},
				{
					"name" : "data_out[64]",
					"strict" : false
				},
				{
					"name" : "data_out[65]",
					"strict" : false
				},
				{
					"name" : "data_out[66]",
					"strict" : false
				},
				{
					"name" : "data_out[67]",
					"strict" : false
				},
				{
					"name" : "data_out[68]",
					"strict" : false
				},
				{
					"name" : "data_out[69]",
					"strict" : false
				},
				{
					"name" : "data_out[70]",
					"strict" : false
				},
				{
					"name" : "data_out[71]",
					"strict" : false
				},
				{
					"name" : "data_out[72]",
					"strict" : false
				},
				{
					"name" : "data_out[73]",
					"strict" : false
				},
				{
					"name" : "data_out[74]",
					"strict" : false
				},
				{
					"name" : "data_out[75]",
					"strict" : false
				},
				{
					"name" : "data_out[76]",
					"strict" : false
				},
				{
					"name" : "data_out[77]",
					"strict" : false
				},
				{
					"name" : "data_out[78]",
					"strict" : false
				},
				{
					"name" : "data_out[79]",
					"strict" : false
				},
				{
					"name" : "data_out[80]",
					"strict" : false
				},
				{
					"name" : "data_out[81]",
					"strict" : false
				},
				{
					"name" : "data_out[82]",
					"strict" : false
				},
				{
					"name" : "data_out[83]",
					"strict" : false
				},
				{
					"name" : "data_out[84]",
					"strict" : false
				},
				{
					"name" : "data_out[85]",
					"strict" : false
				},
				{
					"name" : "data_out[86]",
					"strict" : false
				},
				{
					"name" : "data_out[87]",
					"strict" : false
				},
				{
					"name" : "data_out[88]",
					"strict" : false
				},
				{
					"name" : "data_out[89]",
					"strict" : false
				},
				{
					"name" : "data_out[90]",
					"strict" : false
				},
				{
					"name" : "data_out[91]",
					"strict" : false
				},
				{
					"name" : "data_out[92]",
					"strict" : false
				},
				{
					"name" : "data_out[93]",
					"strict" : false
				},
				{
					"name" : "data_out[94]",
					"strict" : false
				},
				{
					"name" : "data_out[95]",
					"strict" : false
				},
				{
					"name" : "data_out[96]",
					"strict" : false
				},
				{
					"name" : "data_out[97]",
					"strict" : false
				},
				{
					"name" : "data_out[98]",
					"strict" : false
				},
				{
					"name" : "data_out[99]",
					"strict" : false
				},
				{
					"name" : "data_out[100]",
					"strict" : false
				},
				{
					"name" : "data_out[101]",
					"strict" : false
				},
				{
					"name" : "data_out[102]",
					"strict" : false
				},
				{
					"name" : "data_out[103]",
					"strict" : false
				},
				{
					"name" : "data_out[104]",
					"strict" : false
				},
				{
					"name" : "data_out[105]",
					"strict" : false
				},
				{
					"name" : "data_out[106]",
					"strict" : false
				},
				{
					"name" : "data_out[107]",
					"strict" : false
				},
				{
					"name" : "data_out[108]",
					"strict" : false
				},
				{
					"name" : "data_out[109]",
					"strict" : false
				},
				{
					"name" : "data_out[110]",
					"strict" : false
				},
				{
					"name" : "data_out[111]",
					"strict" : false
				},
				{
					"name" : "data_out[112]",
					"strict" : false
				},
				{
					"name" : "data_out[113]",
					"strict" : false
				},
				{
					"name" : "data_out[114]",
					"strict" : false
				},
				{
					"name" : "data_out[115]",
					"strict" : false
				},
				{
					"name" : "data_out[116]",
					"strict" : false
				},
				{
					"name" : "data_out[117]",
					"strict" : false
				},
				{
					"name" : "data_out[118]",
					"strict" : false
				},
				{
					"name" : "data_out[119]",
					"strict" : false
				},
				{
					"name" : "data_out[120]",
					"strict" : false
				},
				{
					"name" : "data_out[121]",
					"strict" : false
				},
				{
					"name" : "data_out[122]",
					"strict" : false
				},
				{
					"name" : "data_out[123]",
					"strict" : false
				},
				{
					"name" : "data_out[124]",
					"strict" : false
				},
				{
					"name" : "data_out[125]",
					"strict" : false
				},
				{
					"name" : "data_out[126]",
					"strict" : false
				},
				{
					"name" : "data_out[127]",
					"strict" : false
				},
				{
					"name" : "data_out[128]",
					"strict" : false
				},
				{
					"name" : "data_out[129]",
					"strict" : false
				},
				{
					"name" : "data_out[130]",
					"strict" : false
				},
				{
					"name" : "data_out[131]",
					"strict" : false
				},
				{
					"name" : "data_out[132]",
					"strict" : false
				},
				{
					"name" : "data_out[133]",
					"strict" : false
				},
				{
					"name" : "data_out[134]",
					"strict" : false
				},
				{
					"name" : "data_out[135]",
					"strict" : false
				},
				{
					"name" : "data_out[136]",
					"strict" : false
				},
				{
					"name" : "data_out[137]",
					"strict" : false
				},
				{
					"name" : "data_out[138]",
					"strict" : false
				},
				{
					"name" : "data_out[139]",
					"strict" : false
				},
				{
					"name" : "data_out[140]",
					"strict" : false
				},
				{
					"name" : "data_out[141]",
					"strict" : false
				},
				{
					"name" : "data_out[142]",
					"strict" : false
				},
				{
					"name" : "data_out[143]",
					"strict" : false
				},
				{
					"name" : "data_out[144]",
					"strict" : false
				},
				{
					"name" : "data_out[145]",
					"strict" : false
				},
				{
					"name" : "data_out[146]",
					"strict" : false
				},
				{
					"name" : "data_out[147]",
					"strict" : false
				},
				{
					"name" : "data_out[148]",
					"strict" : false
				},
				{
					"name" : "data_out[149]",
					"strict" : false
				},
				{
					"name" : "data_out[150]",
					"strict" : false
				},
				{
					"name" : "data_out[151]",
					"strict" : false
				},
				{
					"name" : "data_out[152]",
					"strict" : false
				},
				{
					"name" : "data_out[153]",
					"strict" : false
				},
				{
					"name" : "data_out[154]",
					"strict" : false
				},
				{
					"name" : "data_out[155]",
					"strict" : false
				},
				{
					"name" : "data_out[156]",
					"strict" : false
				},
				{
					"name" : "data_out[157]",
					"strict" : false
				},
				{
					"name" : "data_out[158]",
					"strict" : false
				},
				{
					"name" : "data_out[159]",
					"strict" : false
				},
				{
					"name" : "data_out[160]",
					"strict" : false
				},
				{
					"name" : "data_out[161]",
					"strict" : false
				},
				{
					"name" : "data_out[162]",
					"strict" : false
				},
				{
					"name" : "data_out[163]",
					"strict" : false
				},
				{
					"name" : "data_out[164]",
					"strict" : false
				},
				{
					"name" : "data_out[165]",
					"strict" : false
				},
				{
					"name" : "data_out[166]",
					"strict" : false
				},
				{
					"name" : "data_out[167]",
					"strict" : false
				},
				{
					"name" : "data_out[168]",
					"strict" : false
				},
				{
					"name" : "data_out[169]",
					"strict" : false
				},
				{
					"name" : "data_out[170]",
					"strict" : false
				},
				{
					"name" : "data_out[171]",
					"strict" : false
				},
				{
					"name" : "data_out[172]",
					"strict" : false
				},
				{
					"name" : "data_out[173]",
					"strict" : false
				},
				{
					"name" : "data_out[174]",
					"strict" : false
				},
				{
					"name" : "data_out[175]",
					"strict" : false
				},
				{
					"name" : "data_out[176]",
					"strict" : false
				},
				{
					"name" : "data_out[177]",
					"strict" : false
				},
				{
					"name" : "data_out[178]",
					"strict" : false
				},
				{
					"name" : "data_out[179]",
					"strict" : false
				},
				{
					"name" : "data_out[180]",
					"strict" : false
				},
				{
					"name" : "data_out[181]",
					"strict" : false
				},
				{
					"name" : "data_out[182]",
					"strict" : false
				},
				{
					"name" : "data_out[183]",
					"strict" : false
				},
				{
					"name" : "data_out[184]",
					"strict" : false
				},
				{
					"name" : "data_out[185]",
					"strict" : false
				},
				{
					"name" : "data_out[186]",
					"strict" : false
				},
				{
					"name" : "data_out[187]",
					"strict" : false
				},
				{
					"name" : "data_out[188]",
					"strict" : false
				},
				{
					"name" : "data_out[189]",
					"strict" : false
				},
				{
					"name" : "data_out[190]",
					"strict" : false
				},
				{
					"name" : "data_out[191]",
					"strict" : false
				},
				{
					"name" : "data_out[192]",
					"strict" : false
				},
				{
					"name" : "data_out[193]",
					"strict" : false
				},
				{
					"name" : "data_out[194]",
					"strict" : false
				},
				{
					"name" : "data_out[195]",
					"strict" : false
				},
				{
					"name" : "data_out[196]",
					"strict" : false
				},
				{
					"name" : "data_out[197]",
					"strict" : false
				},
				{
					"name" : "data_out[198]",
					"strict" : false
				},
				{
					"name" : "data_out[199]",
					"strict" : false
				},
				{
					"name" : "data_out[200]",
					"strict" : false
				},
				{
					"name" : "data_out[201]",
					"strict" : false
				},
				{
					"name" : "data_out[202]",
					"strict" : false
				},
				{
					"name" : "data_out[203]",
					"strict" : false
				},
				{
					"name" : "data_out[204]",
					"strict" : false
				},
				{
					"name" : "data_out[205]",
					"strict" : false
				},
				{
					"name" : "data_out[206]",
					"strict" : false
				},
				{
					"name" : "data_out[207]",
					"strict" : false
				},
				{
					"name" : "data_out[208]",
					"strict" : false
				},
				{
					"name" : "data_out[209]",
					"strict" : false
				},
				{
					"name" : "data_out[210]",
					"strict" : false
				},
				{
					"name" : "data_out[211]",
					"strict" : false
				},
				{
					"name" : "data_out[212]",
					"strict" : false
				},
				{
					"name" : "data_out[213]",
					"strict" : false
				},
				{
					"name" : "data_out[214]",
					"strict" : false
				},
				{
					"name" : "data_out[215]",
					"strict" : false
				},
				{
					"name" : "data_out[216]",
					"strict" : false
				},
				{
					"name" : "data_out[217]",
					"strict" : false
				},
				{
					"name" : "data_out[218]",
					"strict" : false
				},
				{
					"name" : "data_out[219]",
					"strict" : false
				},
				{
					"name" : "data_out[220]",
					"strict" : false
				},
				{
					"name" : "data_out[221]",
					"strict" : false
				},
				{
					"name" : "data_out[222]",
					"strict" : false
				},
				{
					"name" : "data_out[223]",
					"strict" : false
				},
				{
					"name" : "data_out[224]",
					"strict" : false
				},
				{
					"name" : "data_out[225]",
					"strict" : false
				},
				{
					"name" : "data_out[226]",
					"strict" : false
				},
				{
					"name" : "data_out[227]",
					"strict" : false
				},
				{
					"name" : "data_out[228]",
					"strict" : false
				},
				{
					"name" : "data_out[229]",
					"strict" : false
				},
				{
					"name" : "data_out[230]",
					"strict" : false
				},
				{
					"name" : "data_out[231]",
					"strict" : false
				},
				{
					"name" : "data_out[232]",
					"strict" : false
				},
				{
					"name" : "data_out[233]",
					"strict" : false
				},
				{
					"name" : "data_out[234]",
					"strict" : false
				},
				{
					"name" : "data_out[235]",
					"strict" : false
				},
				{
					"name" : "data_out[236]",
					"strict" : false
				},
				{
					"name" : "data_out[237]",
					"strict" : false
				},
				{
					"name" : "data_out[238]",
					"strict" : false
				},
				{
					"name" : "data_out[239]",
					"strict" : false
				},
				{
					"name" : "data_out[240]",
					"strict" : false
				},
				{
					"name" : "data_out[241]",
					"strict" : false
				},
				{
					"name" : "data_out[242]",
					"strict" : false
				},
				{
					"name" : "data_out[243]",
					"strict" : false
				},
				{
					"name" : "data_out[244]",
					"strict" : false
				},
				{
					"name" : "data_out[245]",
					"strict" : false
				},
				{
					"name" : "data_out[246]",
					"strict" : false
				},
				{
					"name" : "data_out[247]",
					"strict" : false
				},
				{
					"name" : "data_out[248]",
					"strict" : false
				},
				{
					"name" : "data_out[249]",
					"strict" : false
				},
				{
					"name" : "data_out[250]",
					"strict" : false
				},
				{
					"name" : "data_out[251]",
					"strict" : false
				},
				{
					"name" : "data_out[252]",
					"strict" : false
				},
				{
					"name" : "data_out[253]",
					"strict" : false
				},
				{
					"name" : "data_out[254]",
					"strict" : false
				},
				{
					"name" : "data_out[255]",
					"strict" : false
				},
				{
					"name" : "data_out[256]",
					"strict" : false
				},
				{
					"name" : "data_out[257]",
					"strict" : false
				},
				{
					"name" : "data_out[258]",
					"strict" : false
				},
				{
					"name" : "data_out[259]",
					"strict" : false
				},
				{
					"name" : "data_out[260]",
					"strict" : false
				},
				{
					"name" : "data_out[261]",
					"strict" : false
				},
				{
					"name" : "data_out[262]",
					"strict" : false
				},
				{
					"name" : "data_out[263]",
					"strict" : false
				},
				{
					"name" : "data_out[264]",
					"strict" : false
				},
				{
					"name" : "data_out[265]",
					"strict" : false
				},
				{
					"name" : "data_out[266]",
					"strict" : false
				},
				{
					"name" : "data_out[267]",
					"strict" : false
				},
				{
					"name" : "data_out[268]",
					"strict" : false
				},
				{
					"name" : "data_out[269]",
					"strict" : false
				},
				{
					"name" : "data_out[270]",
					"strict" : false
				},
				{
					"name" : "data_out[271]",
					"strict" : false
				},
				{
					"name" : "data_out[272]",
					"strict" : false
				},
				{
					"name" : "data_out[273]",
					"strict" : false
				},
				{
					"name" : "data_out[274]",
					"strict" : false
				},
				{
					"name" : "data_out[275]",
					"strict" : false
				},
				{
					"name" : "data_out[276]",
					"strict" : false
				},
				{
					"name" : "data_out[277]",
					"strict" : false
				},
				{
					"name" : "data_out[278]",
					"strict" : false
				},
				{
					"name" : "data_out[279]",
					"strict" : false
				},
				{
					"name" : "data_out[280]",
					"strict" : false
				},
				{
					"name" : "data_out[281]",
					"strict" : false
				},
				{
					"name" : "data_out[282]",
					"strict" : false
				},
				{
					"name" : "data_out[283]",
					"strict" : false
				},
				{
					"name" : "data_out[284]",
					"strict" : false
				},
				{
					"name" : "data_out[285]",
					"strict" : false
				},
				{
					"name" : "data_out[286]",
					"strict" : false
				},
				{
					"name" : "data_out[287]",
					"strict" : false
				},
				{
					"name" : "data_out[288]",
					"strict" : false
				},
				{
					"name" : "data_out[289]",
					"strict" : false
				},
				{
					"name" : "data_out[290]",
					"strict" : false
				},
				{
					"name" : "data_out[291]",
					"strict" : false
				},
				{
					"name" : "data_out[292]",
					"strict" : false
				},
				{
					"name" : "data_out[293]",
					"strict" : false
				},
				{
					"name" : "data_out[294]",
					"strict" : false
				},
				{
					"name" : "data_out[295]",
					"strict" : false
				},
				{
					"name" : "data_out[296]",
					"strict" : false
				},
				{
					"name" : "data_out[297]",
					"strict" : false
				},
				{
					"name" : "data_out[298]",
					"strict" : false
				},
				{
					"name" : "data_out[299]",
					"strict" : false
				},
				{
					"name" : "data_out[300]",
					"strict" : false
				},
				{
					"name" : "data_out[301]",
					"strict" : false
				},
				{
					"name" : "data_out[302]",
					"strict" : false
				},
				{
					"name" : "data_out[303]",
					"strict" : false
				},
				{
					"name" : "data_out[304]",
					"strict" : false
				},
				{
					"name" : "data_out[305]",
					"strict" : false
				},
				{
					"name" : "data_out[306]",
					"strict" : false
				},
				{
					"name" : "data_out[307]",
					"strict" : false
				},
				{
					"name" : "data_out[308]",
					"strict" : false
				},
				{
					"name" : "data_out[309]",
					"strict" : false
				},
				{
					"name" : "data_out[310]",
					"strict" : false
				},
				{
					"name" : "data_out[311]",
					"strict" : false
				},
				{
					"name" : "data_out[312]",
					"strict" : false
				},
				{
					"name" : "data_out[313]",
					"strict" : false
				},
				{
					"name" : "data_out[314]",
					"strict" : false
				},
				{
					"name" : "data_out[315]",
					"strict" : false
				},
				{
					"name" : "data_out[316]",
					"strict" : false
				},
				{
					"name" : "data_out[317]",
					"strict" : false
				},
				{
					"name" : "data_out[318]",
					"strict" : false
				},
				{
					"name" : "data_out[319]",
					"strict" : false
				},
				{
					"name" : "data_out[320]",
					"strict" : false
				},
				{
					"name" : "data_out[321]",
					"strict" : false
				},
				{
					"name" : "data_out[322]",
					"strict" : false
				},
				{
					"name" : "data_out[323]",
					"strict" : false
				},
				{
					"name" : "data_out[324]",
					"strict" : false
				},
				{
					"name" : "data_out[325]",
					"strict" : false
				},
				{
					"name" : "data_out[326]",
					"strict" : false
				},
				{
					"name" : "data_out[327]",
					"strict" : false
				},
				{
					"name" : "data_out[328]",
					"strict" : false
				},
				{
					"name" : "data_out[329]",
					"strict" : false
				},
				{
					"name" : "data_out[330]",
					"strict" : false
				},
				{
					"name" : "data_out[331]",
					"strict" : false
				},
				{
					"name" : "data_out[332]",
					"strict" : false
				},
				{
					"name" : "data_out[333]",
					"strict" : false
				},
				{
					"name" : "data_out[334]",
					"strict" : false
				},
				{
					"name" : "data_out[335]",
					"strict" : false
				},
				{
					"name" : "data_out[336]",
					"strict" : false
				},
				{
					"name" : "data_out[337]",
					"strict" : false
				},
				{
					"name" : "data_out[338]",
					"strict" : false
				},
				{
					"name" : "data_out[339]",
					"strict" : false
				},
				{
					"name" : "data_out[340]",
					"strict" : false
				},
				{
					"name" : "data_out[341]",
					"strict" : false
				},
				{
					"name" : "data_out[342]",
					"strict" : false
				},
				{
					"name" : "data_out[343]",
					"strict" : false
				},
				{
					"name" : "data_out[344]",
					"strict" : false
				},
				{
					"name" : "data_out[345]",
					"strict" : false
				},
				{
					"name" : "data_out[346]",
					"strict" : false
				},
				{
					"name" : "data_out[347]",
					"strict" : false
				},
				{
					"name" : "data_out[348]",
					"strict" : false
				},
				{
					"name" : "data_out[349]",
					"strict" : false
				},
				{
					"name" : "data_out[350]",
					"strict" : false
				},
				{
					"name" : "data_out[351]",
					"strict" : false
				},
				{
					"name" : "data_out[352]",
					"strict" : false
				},
				{
					"name" : "data_out[353]",
					"strict" : false
				},
				{
					"name" : "data_out[354]",
					"strict" : false
				},
				{
					"name" : "data_out[355]",
					"strict" : false
				},
				{
					"name" : "data_out[356]",
					"strict" : false
				},
				{
					"name" : "data_out[357]",
					"strict" : false
				},
				{
					"name" : "data_out[358]",
					"strict" : false
				},
				{
					"name" : "data_out[359]",
					"strict" : false
				},
				{
					"name" : "data_out[360]",
					"strict" : false
				},
				{
					"name" : "data_out[361]",
					"strict" : false
				},
				{
					"name" : "data_out[362]",
					"strict" : false
				},
				{
					"name" : "data_out[363]",
					"strict" : false
				},
				{
					"name" : "data_out[364]",
					"strict" : false
				},
				{
					"name" : "data_out[365]",
					"strict" : false
				},
				{
					"name" : "data_out[366]",
					"strict" : false
				},
				{
					"name" : "data_out[367]",
					"strict" : false
				},
				{
					"name" : "data_out[368]",
					"strict" : false
				},
				{
					"name" : "data_out[369]",
					"strict" : false
				},
				{
					"name" : "data_out[370]",
					"strict" : false
				},
				{
					"name" : "data_out[371]",
					"strict" : false
				},
				{
					"name" : "data_out[372]",
					"strict" : false
				},
				{
					"name" : "data_out[373]",
					"strict" : false
				},
				{
					"name" : "data_out[374]",
					"strict" : false
				},
				{
					"name" : "data_out[375]",
					"strict" : false
				},
				{
					"name" : "data_out[376]",
					"strict" : false
				},
				{
					"name" : "data_out[377]",
					"strict" : false
				},
				{
					"name" : "data_out[378]",
					"strict" : false
				},
				{
					"name" : "data_out[379]",
					"strict" : false
				},
				{
					"name" : "data_out[380]",
					"strict" : false
				},
				{
					"name" : "data_out[381]",
					"strict" : false
				},
				{
					"name" : "data_out[382]",
					"strict" : false
				},
				{
					"name" : "data_out[383]",
					"strict" : false
				},
				{
					"name" : "data_out[384]",
					"strict" : false
				},
				{
					"name" : "data_out[385]",
					"strict" : false
				},
				{
					"name" : "data_out[386]",
					"strict" : false
				},
				{
					"name" : "data_out[387]",
					"strict" : false
				},
				{
					"name" : "data_out[388]",
					"strict" : false
				},
				{
					"name" : "data_out[389]",
					"strict" : false
				},
				{
					"name" : "data_out[390]",
					"strict" : false
				},
				{
					"name" : "data_out[391]",
					"strict" : false
				},
				{
					"name" : "data_out[392]",
					"strict" : false
				},
				{
					"name" : "data_out[393]",
					"strict" : false
				},
				{
					"name" : "data_out[394]",
					"strict" : false
				},
				{
					"name" : "data_out[395]",
					"strict" : false
				},
				{
					"name" : "data_out[396]",
					"strict" : false
				},
				{
					"name" : "data_out[397]",
					"strict" : false
				},
				{
					"name" : "data_out[398]",
					"strict" : false
				},
				{
					"name" : "data_out[399]",
					"strict" : false
				},
				{
					"name" : "data_out[400]",
					"strict" : false
				},
				{
					"name" : "data_out[401]",
					"strict" : false
				},
				{
					"name" : "data_out[402]",
					"strict" : false
				},
				{
					"name" : "data_out[403]",
					"strict" : false
				},
				{
					"name" : "data_out[404]",
					"strict" : false
				},
				{
					"name" : "data_out[405]",
					"strict" : false
				},
				{
					"name" : "data_out[406]",
					"strict" : false
				},
				{
					"name" : "data_out[407]",
					"strict" : false
				},
				{
					"name" : "data_out[408]",
					"strict" : false
				},
				{
					"name" : "data_out[409]",
					"strict" : false
				},
				{
					"name" : "data_out[410]",
					"strict" : false
				},
				{
					"name" : "data_out[411]",
					"strict" : false
				},
				{
					"name" : "data_out[412]",
					"strict" : false
				},
				{
					"name" : "data_out[413]",
					"strict" : false
				},
				{
					"name" : "data_out[414]",
					"strict" : false
				},
				{
					"name" : "data_out[415]",
					"strict" : false
				},
				{
					"name" : "data_out[416]",
					"strict" : false
				},
				{
					"name" : "data_out[417]",
					"strict" : false
				},
				{
					"name" : "data_out[418]",
					"strict" : false
				},
				{
					"name" : "data_out[419]",
					"strict" : false
				},
				{
					"name" : "data_out[420]",
					"strict" : false
				},
				{
					"name" : "data_out[421]",
					"strict" : false
				},
				{
					"name" : "data_out[422]",
					"strict" : false
				},
				{
					"name" : "data_out[423]",
					"strict" : false
				},
				{
					"name" : "data_out[424]",
					"strict" : false
				},
				{
					"name" : "data_out[425]",
					"strict" : false
				},
				{
					"name" : "data_out[426]",
					"strict" : false
				},
				{
					"name" : "data_out[427]",
					"strict" : false
				},
				{
					"name" : "data_out[428]",
					"strict" : false
				},
				{
					"name" : "data_out[429]",
					"strict" : false
				},
				{
					"name" : "data_out[430]",
					"strict" : false
				},
				{
					"name" : "data_out[431]",
					"strict" : false
				},
				{
					"name" : "data_out[432]",
					"strict" : false
				},
				{
					"name" : "data_out[433]",
					"strict" : false
				},
				{
					"name" : "data_out[434]",
					"strict" : false
				},
				{
					"name" : "data_out[435]",
					"strict" : false
				},
				{
					"name" : "data_out[436]",
					"strict" : false
				},
				{
					"name" : "data_out[437]",
					"strict" : false
				},
				{
					"name" : "data_out[438]",
					"strict" : false
				},
				{
					"name" : "data_out[439]",
					"strict" : false
				},
				{
					"name" : "data_out[440]",
					"strict" : false
				},
				{
					"name" : "data_out[441]",
					"strict" : false
				},
				{
					"name" : "data_out[442]",
					"strict" : false
				},
				{
					"name" : "data_out[443]",
					"strict" : false
				},
				{
					"name" : "data_out[444]",
					"strict" : false
				},
				{
					"name" : "data_out[445]",
					"strict" : false
				},
				{
					"name" : "data_out[446]",
					"strict" : false
				},
				{
					"name" : "data_out[447]",
					"strict" : false
				},
				{
					"name" : "data_out[448]",
					"strict" : false
				},
				{
					"name" : "data_out[449]",
					"strict" : false
				},
				{
					"name" : "data_out[450]",
					"strict" : false
				},
				{
					"name" : "data_out[451]",
					"strict" : false
				},
				{
					"name" : "data_out[452]",
					"strict" : false
				},
				{
					"name" : "clk",
					"strict" : false
				},
				{
					"name" : "rst",
					"strict" : false
				},
				{
					"name" : "data_in[474]",
					"strict" : false
				},
				{
					"name" : "data_in[473]",
					"strict" : false
				},
				{
					"name" : "data_in[472]",
					"strict" : false
				},
				{
					"name" : "data_in[471]",
					"strict" : false
				},
				{
					"name" : "data_in[475]",
					"strict" : false
				},
				{
					"name" : "data_in[476]",
					"strict" : false
				},
				{
					"name" : "data_in[506]",
					"strict" : false
				},
				{
					"name" : "data_in[505]",
					"strict" : false
				},
				{
					"name" : "data_in[504]",
					"strict" : false
				},
				{
					"name" : "data_in[503]",
					"strict" : false
				},
				{
					"name" : "data_in[507]",
					"strict" : false
				},
				{
					"name" : "data_in[508]",
					"strict" : false
				},
				{
					"name" : "data_in[26]",
					"strict" : false
				},
				{
					"name" : "data_in[25]",
					"strict" : false
				},
				{
					"name" : "data_in[24]",
					"strict" : false
				},
				{
					"name" : "data_in[23]",
					"strict" : false
				},
				{
					"name" : "data_in[27]",
					"strict" : false
				},
				{
					"name" : "data_in[28]",
					"strict" : false
				},
				{
					"name" : "data_in[58]",
					"strict" : false
				},
				{
					"name" : "data_in[57]",
					"strict" : false
				},
				{
					"name" : "data_in[56]",
					"strict" : false
				},
				{
					"name" : "data_in[55]",
					"strict" : false
				},
				{
					"name" : "data_in[59]",
					"strict" : false
				},
				{
					"name" : "data_in[60]",
					"strict" : false
				},
				{
					"name" : "data_in[90]",
					"strict" : false
				},
				{
					"name" : "data_in[89]",
					"strict" : false
				},
				{
					"name" : "data_in[88]",
					"strict" : false
				},
				{
					"name" : "data_in[87]",
					"strict" : false
				},
				{
					"name" : "data_in[91]",
					"strict" : false
				},
				{
					"name" : "data_in[92]",
					"strict" : false
				},
				{
					"name" : "data_in[122]",
					"strict" : false
				},
				{
					"name" : "data_in[121]",
					"strict" : false
				},
				{
					"name" : "data_in[120]",
					"strict" : false
				},
				{
					"name" : "data_in[119]",
					"strict" : false
				},
				{
					"name" : "data_in[123]",
					"strict" : false
				},
				{
					"name" : "data_in[124]",
					"strict" : false
				},
				{
					"name" : "data_in[154]",
					"strict" : false
				},
				{
					"name" : "data_in[153]",
					"strict" : false
				},
				{
					"name" : "data_in[152]",
					"strict" : false
				},
				{
					"name" : "data_in[151]",
					"strict" : false
				},
				{
					"name" : "data_in[155]",
					"strict" : false
				},
				{
					"name" : "data_in[156]",
					"strict" : false
				},
				{
					"name" : "data_in[186]",
					"strict" : false
				},
				{
					"name" : "data_in[185]",
					"strict" : false
				},
				{
					"name" : "data_in[184]",
					"strict" : false
				},
				{
					"name" : "data_in[183]",
					"strict" : false
				},
				{
					"name" : "data_in[187]",
					"strict" : false
				},
				{
					"name" : "data_in[188]",
					"strict" : false
				},
				{
					"name" : "data_in[218]",
					"strict" : false
				},
				{
					"name" : "data_in[217]",
					"strict" : false
				},
				{
					"name" : "data_in[216]",
					"strict" : false
				},
				{
					"name" : "data_in[215]",
					"strict" : false
				},
				{
					"name" : "data_in[219]",
					"strict" : false
				},
				{
					"name" : "data_in[220]",
					"strict" : false
				},
				{
					"name" : "data_in[250]",
					"strict" : false
				},
				{
					"name" : "data_in[249]",
					"strict" : false
				},
				{
					"name" : "data_in[248]",
					"strict" : false
				},
				{
					"name" : "data_in[247]",
					"strict" : false
				},
				{
					"name" : "data_in[251]",
					"strict" : false
				},
				{
					"name" : "data_in[252]",
					"strict" : false
				},
				{
					"name" : "data_in[282]",
					"strict" : false
				},
				{
					"name" : "data_in[281]",
					"strict" : false
				},
				{
					"name" : "data_in[280]",
					"strict" : false
				},
				{
					"name" : "data_in[279]",
					"strict" : false
				},
				{
					"name" : "data_in[283]",
					"strict" : false
				},
				{
					"name" : "data_in[284]",
					"strict" : false
				},
				{
					"name" : "data_in[314]",
					"strict" : false
				},
				{
					"name" : "data_in[313]",
					"strict" : false
				},
				{
					"name" : "data_in[312]",
					"strict" : false
				},
				{
					"name" : "data_in[311]",
					"strict" : false
				},
				{
					"name" : "data_in[315]",
					"strict" : false
				},
				{
					"name" : "data_in[316]",
					"strict" : false
				},
				{
					"name" : "data_in[346]",
					"strict" : false
				},
				{
					"name" : "data_in[345]",
					"strict" : false
				},
				{
					"name" : "data_in[344]",
					"strict" : false
				},
				{
					"name" : "data_in[343]",
					"strict" : false
				},
				{
					"name" : "data_in[347]",
					"strict" : false
				},
				{
					"name" : "data_in[348]",
					"strict" : false
				},
				{
					"name" : "data_in[378]",
					"strict" : false
				},
				{
					"name" : "data_in[377]",
					"strict" : false
				},
				{
					"name" : "data_in[376]",
					"strict" : false
				},
				{
					"name" : "data_in[375]",
					"strict" : false
				},
				{
					"name" : "data_in[379]",
					"strict" : false
				},
				{
					"name" : "data_in[380]",
					"strict" : false
				},
				{
					"name" : "data_in[410]",
					"strict" : false
				},
				{
					"name" : "data_in[409]",
					"strict" : false
				},
				{
					"name" : "data_in[408]",
					"strict" : false
				},
				{
					"name" : "data_in[407]",
					"strict" : false
				},
				{
					"name" : "data_in[411]",
					"strict" : false
				},
				{
					"name" : "data_in[412]",
					"strict" : false
				},
				{
					"name" : "data_in[442]",
					"strict" : false
				},
				{
					"name" : "data_in[441]",
					"strict" : false
				},
				{
					"name" : "data_in[440]",
					"strict" : false
				},
				{
					"name" : "data_in[439]",
					"strict" : false
				},
				{
					"name" : "data_in[443]",
					"strict" : false
				},
				{
					"name" : "data_in[444]",
					"strict" : false
				},
				{
					"name" : "data_in[477]",
					"strict" : false
				},
				{
					"name" : "data_in[478]",
					"strict" : false
				},
				{
					"name" : "data_in[509]",
					"strict" : false
				},
				{
					"name" : "data_in[510]",
					"strict" : false
				},
				{
					"name" : "data_in[29]",
					"strict" : false
				},
				{
					"name" : "data_in[30]",
					"strict" : false
				},
				{
					"name" : "data_in[61]",
					"strict" : false
				},
				{
					"name" : "data_in[62]",
					"strict" : false
				},
				{
					"name" : "data_in[93]",
					"strict" : false
				},
				{
					"name" : "data_in[94]",
					"strict" : false
				},
				{
					"name" : "data_in[125]",
					"strict" : false
				},
				{
					"name" : "data_in[126]",
					"strict" : false
				},
				{
					"name" : "data_in[157]",
					"strict" : false
				},
				{
					"name" : "data_in[158]",
					"strict" : false
				},
				{
					"name" : "data_in[189]",
					"strict" : false
				},
				{
					"name" : "data_in[190]",
					"strict" : false
				},
				{
					"name" : "data_in[221]",
					"strict" : false
				},
				{
					"name" : "data_in[222]",
					"strict" : false
				},
				{
					"name" : "data_in[253]",
					"strict" : false
				},
				{
					"name" : "data_in[254]",
					"strict" : false
				},
				{
					"name" : "data_in[285]",
					"strict" : false
				},
				{
					"name" : "data_in[286]",
					"strict" : false
				},
				{
					"name" : "data_in[317]",
					"strict" : false
				},
				{
					"name" : "data_in[318]",
					"strict" : false
				},
				{
					"name" : "data_in[349]",
					"strict" : false
				},
				{
					"name" : "data_in[350]",
					"strict" : false
				},
				{
					"name" : "data_in[381]",
					"strict" : false
				},
				{
					"name" : "data_in[382]",
					"strict" : false
				},
				{
					"name" : "data_in[413]",
					"strict" : false
				},
				{
					"name" : "data_in[414]",
					"strict" : false
				},
				{
					"name" : "data_in[445]",
					"strict" : false
				},
				{
					"name" : "data_in[446]",
					"strict" : false
				},
				{
					"name" : "data_in[466]",
					"strict" : false
				},
				{
					"name" : "data_in[458]",
					"strict" : false
				},
				{
					"name" : "data_in[470]",
					"strict" : false
				},
				{
					"name" : "data_in[462]",
					"strict" : false
				},
				{
					"name" : "data_in[468]",
					"strict" : false
				},
				{
					"name" : "data_in[460]",
					"strict" : false
				},
				{
					"name" : "data_in[464]",
					"strict" : false
				},
				{
					"name" : "data_in[465]",
					"strict" : false
				},
				{
					"name" : "data_in[457]",
					"strict" : false
				},
				{
					"name" : "data_in[469]",
					"strict" : false
				},
				{
					"name" : "data_in[461]",
					"strict" : false
				},
				{
					"name" : "data_in[467]",
					"strict" : false
				},
				{
					"name" : "data_in[459]",
					"strict" : false
				},
				{
					"name" : "data_in[463]",
					"strict" : false
				},
				{
					"name" : "data_in[456]",
					"strict" : false
				},
				{
					"name" : "data_in[498]",
					"strict" : false
				},
				{
					"name" : "data_in[490]",
					"strict" : false
				},
				{
					"name" : "data_in[502]",
					"strict" : false
				},
				{
					"name" : "data_in[494]",
					"strict" : false
				},
				{
					"name" : "data_in[500]",
					"strict" : false
				},
				{
					"name" : "data_in[492]",
					"strict" : false
				},
				{
					"name" : "data_in[496]",
					"strict" : false
				},
				{
					"name" : "data_in[497]",
					"strict" : false
				},
				{
					"name" : "data_in[489]",
					"strict" : false
				},
				{
					"name" : "data_in[501]",
					"strict" : false
				},
				{
					"name" : "data_in[493]",
					"strict" : false
				},
				{
					"name" : "data_in[499]",
					"strict" : false
				},
				{
					"name" : "data_in[491]",
					"strict" : false
				},
				{
					"name" : "data_in[495]",
					"strict" : false
				},
				{
					"name" : "data_in[488]",
					"strict" : false
				},
				{
					"name" : "data_in[18]",
					"strict" : false
				},
				{
					"name" : "data_in[10]",
					"strict" : false
				},
				{
					"name" : "data_in[22]",
					"strict" : false
				},
				{
					"name" : "data_in[14]",
					"strict" : false
				},
				{
					"name" : "data_in[20]",
					"strict" : false
				},
				{
					"name" : "data_in[12]",
					"strict" : false
				},
				{
					"name" : "data_in[16]",
					"strict" : false
				},
				{
					"name" : "data_in[17]",
					"strict" : false
				},
				{
					"name" : "data_in[9]",
					"strict" : false
				},
				{
					"name" : "data_in[21]",
					"strict" : false
				},
				{
					"name" : "data_in[13]",
					"strict" : false
				},
				{
					"name" : "data_in[19]",
					"strict" : false
				},
				{
					"name" : "data_in[11]",
					"strict" : false
				},
				{
					"name" : "data_in[15]",
					"strict" : false
				},
				{
					"name" : "data_in[8]",
					"strict" : false
				},
				{
					"name" : "data_in[50]",
					"strict" : false
				},
				{
					"name" : "data_in[42]",
					"strict" : false
				},
				{
					"name" : "data_in[54]",
					"strict" : false
				},
				{
					"name" : "data_in[46]",
					"strict" : false
				},
				{
					"name" : "data_in[52]",
					"strict" : false
				},
				{
					"name" : "data_in[44]",
					"strict" : false
				},
				{
					"name" : "data_in[48]",
					"strict" : false
				},
				{
					"name" : "data_in[49]",
					"strict" : false
				},
				{
					"name" : "data_in[41]",
					"strict" : false
				},
				{
					"name" : "data_in[53]",
					"strict" : false
				},
				{
					"name" : "data_in[45]",
					"strict" : false
				},
				{
					"name" : "data_in[51]",
					"strict" : false
				},
				{
					"name" : "data_in[43]",
					"strict" : false
				},
				{
					"name" : "data_in[47]",
					"strict" : false
				},
				{
					"name" : "data_in[40]",
					"strict" : false
				},
				{
					"name" : "data_in[82]",
					"strict" : false
				},
				{
					"name" : "data_in[74]",
					"strict" : false
				},
				{
					"name" : "data_in[86]",
					"strict" : false
				},
				{
					"name" : "data_in[78]",
					"strict" : false
				},
				{
					"name" : "data_in[84]",
					"strict" : false
				},
				{
					"name" : "data_in[76]",
					"strict" : false
				},
				{
					"name" : "data_in[80]",
					"strict" : false
				},
				{
					"name" : "data_in[81]",
					"strict" : false
				},
				{
					"name" : "data_in[73]",
					"strict" : false
				},
				{
					"name" : "data_in[85]",
					"strict" : false
				},
				{
					"name" : "data_in[77]",
					"strict" : false
				},
				{
					"name" : "data_in[83]",
					"strict" : false
				},
				{
					"name" : "data_in[75]",
					"strict" : false
				},
				{
					"name" : "data_in[79]",
					"strict" : false
				},
				{
					"name" : "data_in[72]",
					"strict" : false
				},
				{
					"name" : "data_in[114]",
					"strict" : false
				},
				{
					"name" : "data_in[106]",
					"strict" : false
				},
				{
					"name" : "data_in[118]",
					"strict" : false
				},
				{
					"name" : "data_in[110]",
					"strict" : false
				},
				{
					"name" : "data_in[116]",
					"strict" : false
				},
				{
					"name" : "data_in[108]",
					"strict" : false
				},
				{
					"name" : "data_in[112]",
					"strict" : false
				},
				{
					"name" : "data_in[113]",
					"strict" : false
				},
				{
					"name" : "data_in[105]",
					"strict" : false
				},
				{
					"name" : "data_in[117]",
					"strict" : false
				},
				{
					"name" : "data_in[109]",
					"strict" : false
				},
				{
					"name" : "data_in[115]",
					"strict" : false
				},
				{
					"name" : "data_in[107]",
					"strict" : false
				},
				{
					"name" : "data_in[111]",
					"strict" : false
				},
				{
					"name" : "data_in[104]",
					"strict" : false
				},
				{
					"name" : "data_in[146]",
					"strict" : false
				},
				{
					"name" : "data_in[138]",
					"strict" : false
				},
				{
					"name" : "data_in[150]",
					"strict" : false
				},
				{
					"name" : "data_in[142]",
					"strict" : false
				},
				{
					"name" : "data_in[148]",
					"strict" : false
				},
				{
					"name" : "data_in[140]",
					"strict" : false
				},
				{
					"name" : "data_in[144]",
					"strict" : false
				},
				{
					"name" : "data_in[145]",
					"strict" : false
				},
				{
					"name" : "data_in[137]",
					"strict" : false
				},
				{
					"name" : "data_in[149]",
					"strict" : false
				},
				{
					"name" : "data_in[141]",
					"strict" : false
				},
				{
					"name" : "data_in[147]",
					"strict" : false
				},
				{
					"name" : "data_in[139]",
					"strict" : false
				},
				{
					"name" : "data_in[143]",
					"strict" : false
				},
				{
					"name" : "data_in[136]",
					"strict" : false
				},
				{
					"name" : "data_in[178]",
					"strict" : false
				},
				{
					"name" : "data_in[170]",
					"strict" : false
				},
				{
					"name" : "data_in[182]",
					"strict" : false
				},
				{
					"name" : "data_in[174]",
					"strict" : false
				},
				{
					"name" : "data_in[180]",
					"strict" : false
				},
				{
					"name" : "data_in[172]",
					"strict" : false
				},
				{
					"name" : "data_in[176]",
					"strict" : false
				},
				{
					"name" : "data_in[177]",
					"strict" : false
				},
				{
					"name" : "data_in[169]",
					"strict" : false
				},
				{
					"name" : "data_in[181]",
					"strict" : false
				},
				{
					"name" : "data_in[173]",
					"strict" : false
				},
				{
					"name" : "data_in[179]",
					"strict" : false
				},
				{
					"name" : "data_in[171]",
					"strict" : false
				},
				{
					"name" : "data_in[175]",
					"strict" : false
				},
				{
					"name" : "data_in[168]",
					"strict" : false
				},
				{
					"name" : "data_in[210]",
					"strict" : false
				},
				{
					"name" : "data_in[202]",
					"strict" : false
				},
				{
					"name" : "data_in[214]",
					"strict" : false
				},
				{
					"name" : "data_in[206]",
					"strict" : false
				},
				{
					"name" : "data_in[212]",
					"strict" : false
				},
				{
					"name" : "data_in[204]",
					"strict" : false
				},
				{
					"name" : "data_in[208]",
					"strict" : false
				},
				{
					"name" : "data_in[209]",
					"strict" : false
				},
				{
					"name" : "data_in[201]",
					"strict" : false
				},
				{
					"name" : "data_in[213]",
					"strict" : false
				},
				{
					"name" : "data_in[205]",
					"strict" : false
				},
				{
					"name" : "data_in[211]",
					"strict" : false
				},
				{
					"name" : "data_in[203]",
					"strict" : false
				},
				{
					"name" : "data_in[207]",
					"strict" : false
				},
				{
					"name" : "data_in[200]",
					"strict" : false
				},
				{
					"name" : "data_in[242]",
					"strict" : false
				},
				{
					"name" : "data_in[234]",
					"strict" : false
				},
				{
					"name" : "data_in[246]",
					"strict" : false
				},
				{
					"name" : "data_in[238]",
					"strict" : false
				},
				{
					"name" : "data_in[244]",
					"strict" : false
				},
				{
					"name" : "data_in[236]",
					"strict" : false
				},
				{
					"name" : "data_in[240]",
					"strict" : false
				},
				{
					"name" : "data_in[241]",
					"strict" : false
				},
				{
					"name" : "data_in[233]",
					"strict" : false
				},
				{
					"name" : "data_in[245]",
					"strict" : false
				},
				{
					"name" : "data_in[237]",
					"strict" : false
				},
				{
					"name" : "data_in[243]",
					"strict" : false
				},
				{
					"name" : "data_in[235]",
					"strict" : false
				},
				{
					"name" : "data_in[239]",
					"strict" : false
				},
				{
					"name" : "data_in[232]",
					"strict" : false
				},
				{
					"name" : "data_in[274]",
					"strict" : false
				},
				{
					"name" : "data_in[266]",
					"strict" : false
				},
				{
					"name" : "data_in[278]",
					"strict" : false
				},
				{
					"name" : "data_in[270]",
					"strict" : false
				},
				{
					"name" : "data_in[276]",
					"strict" : false
				},
				{
					"name" : "data_in[268]",
					"strict" : false
				},
				{
					"name" : "data_in[272]",
					"strict" : false
				},
				{
					"name" : "data_in[273]",
					"strict" : false
				},
				{
					"name" : "data_in[265]",
					"strict" : false
				},
				{
					"name" : "data_in[277]",
					"strict" : false
				},
				{
					"name" : "data_in[269]",
					"strict" : false
				},
				{
					"name" : "data_in[275]",
					"strict" : false
				},
				{
					"name" : "data_in[267]",
					"strict" : false
				},
				{
					"name" : "data_in[271]",
					"strict" : false
				},
				{
					"name" : "data_in[264]",
					"strict" : false
				},
				{
					"name" : "data_in[306]",
					"strict" : false
				},
				{
					"name" : "data_in[298]",
					"strict" : false
				},
				{
					"name" : "data_in[310]",
					"strict" : false
				},
				{
					"name" : "data_in[302]",
					"strict" : false
				},
				{
					"name" : "data_in[308]",
					"strict" : false
				},
				{
					"name" : "data_in[300]",
					"strict" : false
				},
				{
					"name" : "data_in[304]",
					"strict" : false
				},
				{
					"name" : "data_in[305]",
					"strict" : false
				},
				{
					"name" : "data_in[297]",
					"strict" : false
				},
				{
					"name" : "data_in[309]",
					"strict" : false
				},
				{
					"name" : "data_in[301]",
					"strict" : false
				},
				{
					"name" : "data_in[307]",
					"strict" : false
				},
				{
					"name" : "data_in[299]",
					"strict" : false
				},
				{
					"name" : "data_in[303]",
					"strict" : false
				},
				{
					"name" : "data_in[296]",
					"strict" : false
				},
				{
					"name" : "data_in[338]",
					"strict" : false
				},
				{
					"name" : "data_in[330]",
					"strict" : false
				},
				{
					"name" : "data_in[342]",
					"strict" : false
				},
				{
					"name" : "data_in[334]",
					"strict" : false
				},
				{
					"name" : "data_in[340]",
					"strict" : false
				},
				{
					"name" : "data_in[332]",
					"strict" : false
				},
				{
					"name" : "data_in[336]",
					"strict" : false
				},
				{
					"name" : "data_in[337]",
					"strict" : false
				},
				{
					"name" : "data_in[329]",
					"strict" : false
				},
				{
					"name" : "data_in[341]",
					"strict" : false
				},
				{
					"name" : "data_in[333]",
					"strict" : false
				},
				{
					"name" : "data_in[339]",
					"strict" : false
				},
				{
					"name" : "data_in[331]",
					"strict" : false
				},
				{
					"name" : "data_in[335]",
					"strict" : false
				},
				{
					"name" : "data_in[328]",
					"strict" : false
				},
				{
					"name" : "data_in[370]",
					"strict" : false
				},
				{
					"name" : "data_in[362]",
					"strict" : false
				},
				{
					"name" : "data_in[374]",
					"strict" : false
				},
				{
					"name" : "data_in[366]",
					"strict" : false
				},
				{
					"name" : "data_in[372]",
					"strict" : false
				},
				{
					"name" : "data_in[364]",
					"strict" : false
				},
				{
					"name" : "data_in[368]",
					"strict" : false
				},
				{
					"name" : "data_in[369]",
					"strict" : false
				},
				{
					"name" : "data_in[361]",
					"strict" : false
				},
				{
					"name" : "data_in[373]",
					"strict" : false
				},
				{
					"name" : "data_in[365]",
					"strict" : false
				},
				{
					"name" : "data_in[371]",
					"strict" : false
				},
				{
					"name" : "data_in[363]",
					"strict" : false
				},
				{
					"name" : "data_in[367]",
					"strict" : false
				},
				{
					"name" : "data_in[360]",
					"strict" : false
				},
				{
					"name" : "data_in[402]",
					"strict" : false
				},
				{
					"name" : "data_in[394]",
					"strict" : false
				},
				{
					"name" : "data_in[406]",
					"strict" : false
				},
				{
					"name" : "data_in[398]",
					"strict" : false
				},
				{
					"name" : "data_in[404]",
					"strict" : false
				},
				{
					"name" : "data_in[396]",
					"strict" : false
				},
				{
					"name" : "data_in[400]",
					"strict" : false
				},
				{
					"name" : "data_in[401]",
					"strict" : false
				},
				{
					"name" : "data_in[393]",
					"strict" : false
				},
				{
					"name" : "data_in[405]",
					"strict" : false
				},
				{
					"name" : "data_in[397]",
					"strict" : false
				},
				{
					"name" : "data_in[403]",
					"strict" : false
				},
				{
					"name" : "data_in[395]",
					"strict" : false
				},
				{
					"name" : "data_in[399]",
					"strict" : false
				},
				{
					"name" : "data_in[392]",
					"strict" : false
				},
				{
					"name" : "data_in[434]",
					"strict" : false
				},
				{
					"name" : "data_in[426]",
					"strict" : false
				},
				{
					"name" : "data_in[438]",
					"strict" : false
				},
				{
					"name" : "data_in[430]",
					"strict" : false
				},
				{
					"name" : "data_in[436]",
					"strict" : false
				},
				{
					"name" : "data_in[428]",
					"strict" : false
				},
				{
					"name" : "data_in[432]",
					"strict" : false
				},
				{
					"name" : "data_in[433]",
					"strict" : false
				},
				{
					"name" : "data_in[425]",
					"strict" : false
				},
				{
					"name" : "data_in[437]",
					"strict" : false
				},
				{
					"name" : "data_in[429]",
					"strict" : false
				},
				{
					"name" : "data_in[435]",
					"strict" : false
				},
				{
					"name" : "data_in[427]",
					"strict" : false
				},
				{
					"name" : "data_in[431]",
					"strict" : false
				},
				{
					"name" : "data_in[424]",
					"strict" : false
				},
				{
					"name" : "data_in[448]",
					"strict" : false
				},
				{
					"name" : "data_in[452]",
					"strict" : false
				},
				{
					"name" : "data_in[450]",
					"strict" : false
				},
				{
					"name" : "data_in[454]",
					"strict" : false
				},
				{
					"name" : "data_in[455]",
					"strict" : false
				},
				{
					"name" : "data_in[451]",
					"strict" : false
				},
				{
					"name" : "data_in[449]",
					"strict" : false
				},
				{
					"name" : "data_in[453]",
					"strict" : false
				},
				{
					"name" : "data_in[480]",
					"strict" : false
				},
				{
					"name" : "data_in[484]",
					"strict" : false
				},
				{
					"name" : "data_in[482]",
					"strict" : false
				},
				{
					"name" : "data_in[486]",
					"strict" : false
				},
				{
					"name" : "data_in[487]",
					"strict" : false
				},
				{
					"name" : "data_in[483]",
					"strict" : false
				},
				{
					"name" : "data_in[481]",
					"strict" : false
				},
				{
					"name" : "data_in[485]",
					"strict" : false
				},
				{
					"name" : "data_in[0]",
					"strict" : false
				},
				{
					"name" : "data_in[4]",
					"strict" : false
				},
				{
					"name" : "data_in[2]",
					"strict" : false
				},
				{
					"name" : "data_in[6]",
					"strict" : false
				},
				{
					"name" : "data_in[7]",
					"strict" : false
				},
				{
					"name" : "data_in[3]",
					"strict" : false
				},
				{
					"name" : "data_in[1]",
					"strict" : false
				},
				{
					"name" : "data_in[5]",
					"strict" : false
				},
				{
					"name" : "data_in[32]",
					"strict" : false
				},
				{
					"name" : "data_in[36]",
					"strict" : false
				},
				{
					"name" : "data_in[34]",
					"strict" : false
				},
				{
					"name" : "data_in[38]",
					"strict" : false
				},
				{
					"name" : "data_in[39]",
					"strict" : false
				},
				{
					"name" : "data_in[35]",
					"strict" : false
				},
				{
					"name" : "data_in[33]",
					"strict" : false
				},
				{
					"name" : "data_in[37]",
					"strict" : false
				},
				{
					"name" : "data_in[64]",
					"strict" : false
				},
				{
					"name" : "data_in[68]",
					"strict" : false
				},
				{
					"name" : "data_in[66]",
					"strict" : false
				},
				{
					"name" : "data_in[70]",
					"strict" : false
				},
				{
					"name" : "data_in[71]",
					"strict" : false
				},
				{
					"name" : "data_in[67]",
					"strict" : false
				},
				{
					"name" : "data_in[65]",
					"strict" : false
				},
				{
					"name" : "data_in[69]",
					"strict" : false
				},
				{
					"name" : "data_in[96]",
					"strict" : false
				},
				{
					"name" : "data_in[100]",
					"strict" : false
				},
				{
					"name" : "data_in[98]",
					"strict" : false
				},
				{
					"name" : "data_in[102]",
					"strict" : false
				},
				{
					"name" : "data_in[103]",
					"strict" : false
				},
				{
					"name" : "data_in[99]",
					"strict" : false
				},
				{
					"name" : "data_in[97]",
					"strict" : false
				},
				{
					"name" : "data_in[101]",
					"strict" : false
				},
				{
					"name" : "data_in[128]",
					"strict" : false
				},
				{
					"name" : "data_in[132]",
					"strict" : false
				},
				{
					"name" : "data_in[130]",
					"strict" : false
				},
				{
					"name" : "data_in[134]",
					"strict" : false
				},
				{
					"name" : "data_in[135]",
					"strict" : false
				},
				{
					"name" : "data_in[131]",
					"strict" : false
				},
				{
					"name" : "data_in[129]",
					"strict" : false
				},
				{
					"name" : "data_in[133]",
					"strict" : false
				},
				{
					"name" : "data_in[160]",
					"strict" : false
				},
				{
					"name" : "data_in[164]",
					"strict" : false
				},
				{
					"name" : "data_in[162]",
					"strict" : false
				},
				{
					"name" : "data_in[166]",
					"strict" : false
				},
				{
					"name" : "data_in[167]",
					"strict" : false
				},
				{
					"name" : "data_in[163]",
					"strict" : false
				},
				{
					"name" : "data_in[161]",
					"strict" : false
				},
				{
					"name" : "data_in[165]",
					"strict" : false
				},
				{
					"name" : "data_in[192]",
					"strict" : false
				},
				{
					"name" : "data_in[196]",
					"strict" : false
				},
				{
					"name" : "data_in[194]",
					"strict" : false
				},
				{
					"name" : "data_in[198]",
					"strict" : false
				},
				{
					"name" : "data_in[199]",
					"strict" : false
				},
				{
					"name" : "data_in[195]",
					"strict" : false
				},
				{
					"name" : "data_in[193]",
					"strict" : false
				},
				{
					"name" : "data_in[197]",
					"strict" : false
				},
				{
					"name" : "data_in[224]",
					"strict" : false
				},
				{
					"name" : "data_in[228]",
					"strict" : false
				},
				{
					"name" : "data_in[226]",
					"strict" : false
				},
				{
					"name" : "data_in[230]",
					"strict" : false
				},
				{
					"name" : "data_in[231]",
					"strict" : false
				},
				{
					"name" : "data_in[227]",
					"strict" : false
				},
				{
					"name" : "data_in[225]",
					"strict" : false
				},
				{
					"name" : "data_in[229]",
					"strict" : false
				},
				{
					"name" : "data_in[256]",
					"strict" : false
				},
				{
					"name" : "data_in[260]",
					"strict" : false
				},
				{
					"name" : "data_in[258]",
					"strict" : false
				},
				{
					"name" : "data_in[262]",
					"strict" : false
				},
				{
					"name" : "data_in[263]",
					"strict" : false
				},
				{
					"name" : "data_in[259]",
					"strict" : false
				},
				{
					"name" : "data_in[257]",
					"strict" : false
				},
				{
					"name" : "data_in[261]",
					"strict" : false
				},
				{
					"name" : "data_in[288]",
					"strict" : false
				},
				{
					"name" : "data_in[292]",
					"strict" : false
				},
				{
					"name" : "data_in[290]",
					"strict" : false
				},
				{
					"name" : "data_in[294]",
					"strict" : false
				},
				{
					"name" : "data_in[295]",
					"strict" : false
				},
				{
					"name" : "data_in[291]",
					"strict" : false
				},
				{
					"name" : "data_in[289]",
					"strict" : false
				},
				{
					"name" : "data_in[293]",
					"strict" : false
				},
				{
					"name" : "data_in[320]",
					"strict" : false
				},
				{
					"name" : "data_in[324]",
					"strict" : false
				},
				{
					"name" : "data_in[322]",
					"strict" : false
				},
				{
					"name" : "data_in[326]",
					"strict" : false
				},
				{
					"name" : "data_in[327]",
					"strict" : false
				},
				{
					"name" : "data_in[323]",
					"strict" : false
				},
				{
					"name" : "data_in[321]",
					"strict" : false
				},
				{
					"name" : "data_in[325]",
					"strict" : false
				},
				{
					"name" : "data_in[352]",
					"strict" : false
				},
				{
					"name" : "data_in[356]",
					"strict" : false
				},
				{
					"name" : "data_in[354]",
					"strict" : false
				},
				{
					"name" : "data_in[358]",
					"strict" : false
				},
				{
					"name" : "data_in[359]",
					"strict" : false
				},
				{
					"name" : "data_in[355]",
					"strict" : false
				},
				{
					"name" : "data_in[353]",
					"strict" : false
				},
				{
					"name" : "data_in[357]",
					"strict" : false
				},
				{
					"name" : "data_in[384]",
					"strict" : false
				},
				{
					"name" : "data_in[388]",
					"strict" : false
				},
				{
					"name" : "data_in[386]",
					"strict" : false
				},
				{
					"name" : "data_in[390]",
					"strict" : false
				},
				{
					"name" : "data_in[391]",
					"strict" : false
				},
				{
					"name" : "data_in[387]",
					"strict" : false
				},
				{
					"name" : "data_in[385]",
					"strict" : false
				},
				{
					"name" : "data_in[389]",
					"strict" : false
				},
				{
					"name" : "data_in[416]",
					"strict" : false
				},
				{
					"name" : "data_in[420]",
					"strict" : false
				},
				{
					"name" : "data_in[418]",
					"strict" : false
				},
				{
					"name" : "data_in[422]",
					"strict" : false
				},
				{
					"name" : "data_in[423]",
					"strict" : false
				},
				{
					"name" : "data_in[419]",
					"strict" : false
				},
				{
					"name" : "data_in[417]",
					"strict" : false
				},
				{
					"name" : "data_in[421]",
					"strict" : false
				},
				{
					"name" : "data_in[479]",
					"strict" : false
				},
				{
					"name" : "data_in[511]",
					"strict" : false
				},
				{
					"name" : "data_in[31]",
					"strict" : false
				},
				{
					"name" : "data_in[63]",
					"strict" : false
				},
				{
					"name" : "data_in[95]",
					"strict" : false
				},
				{
					"name" : "data_in[127]",
					"strict" : false
				},
				{
					"name" : "data_in[159]",
					"strict" : false
				},
				{
					"name" : "data_in[191]",
					"strict" : false
				},
				{
					"name" : "data_in[223]",
					"strict" : false
				},
				{
					"name" : "data_in[255]",
					"strict" : false
				},
				{
					"name" : "data_in[287]",
					"strict" : false
				},
				{
					"name" : "data_in[319]",
					"strict" : false
				},
				{
					"name" : "data_in[351]",
					"strict" : false
				},
				{
					"name" : "data_in[383]",
					"strict" : false
				},
				{
					"name" : "data_in[415]",
					"strict" : false
				},
				{
					"name" : "data_in[447]",
					"strict" : false
				}
			]
		}
	]
}